Name,Post_Content,Post_Link,Experience Required,Location,Job Type,Email,Phone Number,Position,Company Name,Response
Feed post,"MindInventory is on urgent lookout for 
hashtag
#AI/ 
hashtag
#ML 
hashtag
#Developer with expertise in Different 
hashtag
#LLMs (Large Language Models) and 
hashtag
#OpenCV

üìç Location:
, Gujarat

If you're passionate about AI/ML and ready to work with a dynamic team, we‚Äôd love to hear from you! üéØ

üìß Apply:

üí° Don't miss this opportunity to take your career to the next level. Spread the word! üåü

‚Ä¶more",https://www.linkedin.com/in/ayushi-suthar-241ab8125?miniProfileUrn=urn%3Ali%3Afsd_profile%3AACoAAB7z-lEBZV9o81Zpu2hDikzNKgiQqzRWQQU,,,,,,,,"Here are the extracted details in the JSON format:

{
    ""Experience Required"": Null,
    ""Location"": ""Gujarat,"",
    ""Job Type"": Null,
    ""Email"": ""Apply: Not specified"",
    ""Phone Number"": ""Not specified"",
    ""Position"": ""#AI/ #ML #Developer with expertise in Different #LLMs (Large Language Models) and #OpenCV"",
    ""Company Name"": ""MindInventory""
}

Summary of the post: MindInventory is looking for an #AI/ #ML #Developer with expertise in Different #LLMs (Large Language Models) and #OpenCV to join their dynamic team based in Gujarat. The posting does not mention a specific experience requirement, job type, email address, or phone number."
Feed post,"We are seeking skilled and experienced Python Developers with expertise in AI/ML to collaborate on an exciting Generative AI project. If interested, please send a direct message or email your resume to careers@zartek.in.

hashtag
#TechJobs 
hashtag
#AI 
hashtag
#Hiring 
hashtag
#Python
hashtag
#freelance
12
4 comments
I'm interested
Great opportunity
Tagging someone
I recommend
I highly recommend
Deepti thanks for sharing
Consider applying",https://www.linkedin.com/in/deeptirenju?miniProfileUrn=urn%3Ali%3Afsd_profile%3AACoAABCGOagB9LGEzNcHp0VAN3fD2-TjC-1EJ9Y,,,,,,,,"Here is the extracted information in the specified JSON format:

{
    ""Experience Required"": Null,
    ""Location"": Null,
    ""Job Type"" : Null,
    ""Email"": ""careers@zartek.in"",
    ""Phone Number"": Null,
    ""Position"": ""Python Developers"",
    ""Company Name"": ""Zartek""
}

Note: The post does not mention the specific experience required, location, job type, or phone number. The company name and email address are mentioned, and the position is inferred from the job description."
Feed post,"üöÄ Exciting Opportunities Alert! Join our team! üöÄ 
Are you passionate about cutting-edge technologies and want to be a part of a dynamic, innovative team? We're on the lookout for talented professionals to join our forward-thinking team. If you have a knack for solving complex challenges and driving transformative technologies, this is the perfect opportunity for you. 

We are hiring for multiple positions, across multiple levels in Pune, India.

üéØ AI/ML Professionals having Generative AI expertise
üéØ Conversational bot developers having proficiency in Python and AWS.

If you're ready to take the leap, or know someone who would be interested - DM me directly.

hashtag
#Hiring 
hashtag
#ConversationalAI 
hashtag
#CareerGrowth 
Mritunjay Singh Ashpak Mulani Lokesh Agarwal
51
6 comments
5 reposts
I'm interested
Consider applying
I recommend
Amazing opportunity
Great opportunity
Tagging someone
Saurabh thanks for sharing",https://www.linkedin.com/in/saurabhudgir?miniProfileUrn=urn%3Ali%3Afsd_profile%3AACoAAAKq3vcBkLl_jotYzz07dpNtXWfoMD2MiYQ,,,,,,,,"Here is the extracted information in the requested JSON format:

{
    ""Experience Required"": Null,
    ""Location"": ""Pune, India"",
    ""Job Type"": Null,
    ""Email"": ""null (DM me directly)"",
    ""Phone Number"": Null,
    ""Position"": ""AI/ML Professionals and Conversational bot developers"",
    ""Company Name"": ""Null (unspecified company/institution)""
}

Summary: The post is an alert for exciting opportunities to join a dynamic and innovative team in Pune, India, for various positions in AI/ML and conversational bot development. The company/institution has not been specified."
